{"cameraMode":{"drawMode":0,"name":"Shaded","section":"Shading Mode"},"sceneLighting":false,"audioPlay":false,"sceneViewState":{"showFog":true,"showMaterialUpdate":false,"showSkybox":false,"showFlares":true,"showImageEffects":true,"showParticleSystems":true},"in2DMode":false,"pivot":{"x":20.100526809692384,"y":1.0661039352416993,"z":-0.3187124729156494},"rotation":{"x":0.09947773814201355,"y":0.6888533234596252,"z":-0.09629728645086289,"w":0.7115632891654968},"size":9.888299942016602,"orthographic":false}