{"cameraMode":{"drawMode":0,"name":"Shaded","section":"Shading Mode"},"sceneLighting":false,"audioPlay":false,"sceneViewState":{"showFog":true,"showMaterialUpdate":false,"showSkybox":false,"showFlares":true,"showImageEffects":true,"showParticleSystems":true},"in2DMode":false,"pivot":{"x":0.2618083953857422,"y":1.0317902565002442,"z":0.5430119633674622},"rotation":{"x":-0.002127578016370535,"y":0.704979658126831,"z":0.002115036593750119,"w":0.7092224955558777},"size":4.46398401260376,"orthographic":false}