{"cameraMode":{"drawMode":0,"name":"Shaded","section":"Shading Mode"},"sceneLighting":false,"audioPlay":false,"sceneViewState":{"showFog":true,"showMaterialUpdate":false,"showSkybox":true,"showFlares":true,"showImageEffects":true,"showParticleSystems":true},"in2DMode":false,"pivot":{"x":18.927627563476564,"y":-2.022491693496704,"z":29.80030059814453},"rotation":{"x":-0.3408588171005249,"y":0.11167290806770325,"z":-0.040825601667165759,"w":-0.9326373934745789},"size":48.528846740722659,"orthographic":false}